title,producer,year,winner
Movie - 1980 - 1,Producer 7,1980,yes
Movie - 1980 - 2,Producer 10,1980,no
Movie - 1980 - 3,Producer 14,1980,no
Movie - 1980 - 4,Producer 1,1980,no
Movie - 1980 - 5,Producer 3,1980,no
Movie - 1980 - 6,Producer 5,1980,no
Movie - 1980 - 7,Producer 11,1980,no
Movie - 1980 - 8,Producer 6,1980,no
Movie - 1980 - 9,Producer 11,1980,no
Movie - 1980 - 10,Producer 1,1980,no
Movie - 1980 - 11,Producer 13,1980,no
Movie - 1980 - 12,Producer 5,1980,no
Movie - 1980 - 13,Producer 7,1980,no
Movie - 1980 - 14,Producer 11,1980,no
Movie - 1980 - 15,Producer 5,1980,no
Movie - 1981 - 1,Producer 1,1981,yes
Movie - 1981 - 2,Producer 6,1981,no
Movie - 1981 - 3,Producer 8,1981,no
Movie - 1981 - 4,Producer 6,1981,no
Movie - 1981 - 5,Producer 12,1981,no
Movie - 1981 - 6,Producer 7,1981,no
Movie - 1981 - 7,Producer 6,1981,no
Movie - 1981 - 8,Producer 3,1981,no
Movie - 1981 - 9,Producer 5,1981,no
Movie - 1981 - 10,Producer 6,1981,no
Movie - 1981 - 11,Producer 5,1981,no
Movie - 1981 - 12,Producer 6,1981,no
Movie - 1981 - 13,Producer 7,1981,no
Movie - 1981 - 14,Producer 7,1981,no
Movie - 1981 - 15,Producer 12,1981,no
Movie - 1982 - 1,Producer 12,1982,no
Movie - 1982 - 2,Producer 12,1982,no
Movie - 1982 - 3,Producer 14,1982,no
Movie - 1982 - 4,Producer 3,1982,yes
Movie - 1982 - 5,Producer 2,1982,no
Movie - 1982 - 6,Producer 13,1982,no
Movie - 1982 - 7,Producer 11,1982,no
Movie - 1982 - 8,Producer 6,1982,no
Movie - 1982 - 9,Producer 14,1982,no
Movie - 1982 - 10,Producer 8,1982,no
Movie - 1982 - 11,Producer 10,1982,no
Movie - 1982 - 12,Producer 5,1982,no
Movie - 1982 - 13,Producer 7,1982,no
Movie - 1982 - 14,Producer 13,1982,no
Movie - 1982 - 15,Producer 5,1982,no
Movie - 1983 - 1,Producer 1,1983,yes
Movie - 1983 - 2,Producer 9,1983,no
Movie - 1983 - 3,Producer 11,1983,no
Movie - 1983 - 4,Producer 1,1983,no
Movie - 1983 - 5,Producer 3,1983,no
Movie - 1983 - 6,Producer 2,1983,no
Movie - 1983 - 7,Producer 7,1983,no
Movie - 1983 - 8,Producer 14,1983,no
Movie - 1983 - 9,Producer 7,1983,no
Movie - 1983 - 10,Producer 2,1983,no
Movie - 1983 - 11,Producer 9,1983,no
Movie - 1983 - 12,Producer 6,1983,no
Movie - 1983 - 13,Producer 2,1983,no
Movie - 1983 - 14,Producer 3,1983,no
Movie - 1983 - 15,Producer 5,1983,no
Movie - 1984 - 1,Producer 13,1984,yes
Movie - 1984 - 2,Producer 13,1984,no
Movie - 1984 - 3,Producer 2,1984,no
Movie - 1984 - 4,Producer 4,1984,no
Movie - 1984 - 5,Producer 13,1984,no
Movie - 1984 - 6,Producer 3,1984,no
Movie - 1984 - 7,Producer 13,1984,no
Movie - 1984 - 8,Producer 14,1984,no
Movie - 1984 - 9,Producer 1,1984,no
Movie - 1984 - 10,Producer 3,1984,no
Movie - 1984 - 11,Producer 6,1984,no
Movie - 1984 - 12,Producer 14,1984,no
Movie - 1984 - 13,Producer 3,1984,no
Movie - 1984 - 14,Producer 3,1984,no
Movie - 1984 - 15,Producer 13,1984,no
Movie - 1985 - 1,Producer 13,1985,yes
Movie - 1985 - 2,Producer 13,1985,no
Movie - 1985 - 3,Producer 5,1985,no
Movie - 1985 - 4,Producer 7,1985,no
Movie - 1985 - 5,Producer 2,1985,no
Movie - 1985 - 6,Producer 9,1985,no
Movie - 1985 - 7,Producer 13,1985,no
Movie - 1985 - 8,Producer 6,1985,no
Movie - 1985 - 9,Producer 12,1985,no
Movie - 1985 - 10,Producer 6,1985,no
Movie - 1985 - 11,Producer 13,1985,no
Movie - 1985 - 12,Producer 4,1985,no
Movie - 1985 - 13,Producer 1,1985,no
Movie - 1985 - 14,Producer 12,1985,no
Movie - 1985 - 15,Producer 6,1985,no
Movie - 1986 - 1,Producer 9,1986,no
Movie - 1986 - 2,Producer 11,1986,no
Movie - 1986 - 3,Producer 2,1986,no
Movie - 1986 - 4,Producer 3,1986,no
Movie - 1986 - 5,Producer 4,1986,no
Movie - 1986 - 6,Producer 13,1986,yes
Movie - 1986 - 7,Producer 3,1986,no
Movie - 1986 - 8,Producer 1,1986,no
Movie - 1986 - 9,Producer 7,1986,no
Movie - 1986 - 10,Producer 10,1986,no
Movie - 1986 - 11,Producer 10,1986,no
Movie - 1986 - 12,Producer 14,1986,no
Movie - 1986 - 13,Producer 2,1986,no
Movie - 1986 - 14,Producer 8,1986,no
Movie - 1986 - 15,Producer 3,1986,no
Movie - 1987 - 1,Producer 5,1987,no
Movie - 1987 - 2,Producer 5,1987,yes
Movie - 1987 - 3,Producer 7,1987,no
Movie - 1987 - 4,Producer 5,1987,no
Movie - 1987 - 5,Producer 9,1987,no
Movie - 1987 - 6,Producer 4,1987,no
Movie - 1987 - 7,Producer 3,1987,no
Movie - 1987 - 8,Producer 9,1987,no
Movie - 1987 - 9,Producer 2,1987,no
Movie - 1987 - 10,Producer 12,1987,no
Movie - 1987 - 11,Producer 8,1987,no
Movie - 1987 - 12,Producer 14,1987,no
Movie - 1987 - 13,Producer 8,1987,no
Movie - 1987 - 14,Producer 4,1987,no
Movie - 1987 - 15,Producer 10,1987,no
Movie - 1988 - 1,Producer 9,1988,no
Movie - 1988 - 2,Producer 10,1988,yes
Movie - 1988 - 3,Producer 1,1988,no
Movie - 1988 - 4,Producer 7,1988,no
Movie - 1988 - 5,Producer 6,1988,no
Movie - 1988 - 6,Producer 5,1988,no
Movie - 1988 - 7,Producer 14,1988,no
Movie - 1988 - 8,Producer 13,1988,no
Movie - 1988 - 9,Producer 12,1988,no
Movie - 1988 - 10,Producer 1,1988,no
Movie - 1988 - 11,Producer 2,1988,no
Movie - 1988 - 12,Producer 14,1988,no
Movie - 1988 - 13,Producer 5,1988,no
Movie - 1988 - 14,Producer 1,1988,no
Movie - 1988 - 15,Producer 9,1988,no
Movie - 1989 - 1,Producer 12,1989,no
Movie - 1989 - 2,Producer 4,1989,yes
Movie - 1989 - 3,Producer 6,1989,no
Movie - 1989 - 4,Producer 11,1989,no
Movie - 1989 - 5,Producer 11,1989,no
Movie - 1989 - 6,Producer 1,1989,no
Movie - 1989 - 7,Producer 8,1989,no
Movie - 1989 - 8,Producer 13,1989,no
Movie - 1989 - 9,Producer 10,1989,no
Movie - 1989 - 10,Producer 12,1989,no
Movie - 1989 - 11,Producer 6,1989,no
Movie - 1989 - 12,Producer 8,1989,no
Movie - 1989 - 13,Producer 14,1989,no
Movie - 1989 - 14,Producer 9,1989,no
Movie - 1989 - 15,Producer 3,1989,no
Movie - 1990 - 1,Producer 4,1990,yes
Movie - 1990 - 2,Producer 7,1990,no
Movie - 1990 - 3,Producer 11,1990,no
Movie - 1990 - 4,Producer 4,1990,no
Movie - 1990 - 5,Producer 9,1990,no
Movie - 1990 - 6,Producer 14,1990,no
Movie - 1990 - 7,Producer 9,1990,no
Movie - 1990 - 8,Producer 6,1990,no
Movie - 1990 - 9,Producer 7,1990,no
Movie - 1990 - 10,Producer 12,1990,no
Movie - 1990 - 11,Producer 5,1990,no
Movie - 1990 - 12,Producer 10,1990,no
Movie - 1990 - 13,Producer 3,1990,no
Movie - 1990 - 14,Producer 13,1990,no
Movie - 1990 - 15,Producer 8,1990,no
Movie - 1991 - 1,Producer 4,1991,no
Movie - 1991 - 2,Producer 12,1991,yes
Movie - 1991 - 3,Producer 5,1991,no
Movie - 1991 - 4,Producer 3,1991,no
Movie - 1991 - 5,Producer 13,1991,no
Movie - 1991 - 6,Producer 10,1991,no
Movie - 1991 - 7,Producer 7,1991,no
Movie - 1991 - 8,Producer 13,1991,no
Movie - 1991 - 9,Producer 2,1991,no
Movie - 1991 - 10,Producer 12,1991,no
Movie - 1991 - 11,Producer 10,1991,no
Movie - 1991 - 12,Producer 1,1991,no
Movie - 1991 - 13,Producer 11,1991,no
Movie - 1991 - 14,Producer 5,1991,no
Movie - 1991 - 15,Producer 6,1991,no
Movie - 1992 - 1,Producer 1,1992,yes
Movie - 1992 - 2,Producer 13,1992,no
Movie - 1992 - 3,Producer 13,1992,no
Movie - 1992 - 4,Producer 10,1992,no
Movie - 1992 - 5,Producer 3,1992,no
Movie - 1992 - 6,Producer 14,1992,no
Movie - 1992 - 7,Producer 7,1992,no
Movie - 1992 - 8,Producer 8,1992,no
Movie - 1992 - 9,Producer 12,1992,no
Movie - 1992 - 10,Producer 13,1992,no
Movie - 1992 - 11,Producer 5,1992,no
Movie - 1992 - 12,Producer 11,1992,no
Movie - 1992 - 13,Producer 4,1992,no
Movie - 1992 - 14,Producer 1,1992,no
Movie - 1992 - 15,Producer 13,1992,no
Movie - 1993 - 1,Producer 1,1993,no
Movie - 1993 - 2,Producer 2,1993,no
Movie - 1993 - 3,Producer 8,1993,yes
Movie - 1993 - 4,Producer 11,1993,no
Movie - 1993 - 5,Producer 7,1993,no
Movie - 1993 - 6,Producer 10,1993,no
Movie - 1993 - 7,Producer 9,1993,no
Movie - 1993 - 8,Producer 12,1993,no
Movie - 1993 - 9,Producer 7,1993,no
Movie - 1993 - 10,Producer 11,1993,no
Movie - 1993 - 11,Producer 7,1993,no
Movie - 1993 - 12,Producer 14,1993,no
Movie - 1993 - 13,Producer 9,1993,no
Movie - 1993 - 14,Producer 7,1993,no
Movie - 1993 - 15,Producer 14,1993,no
Movie - 1994 - 1,Producer 13,1994,yes
Movie - 1994 - 2,Producer 8,1994,no
Movie - 1994 - 3,Producer 7,1994,no
Movie - 1994 - 4,Producer 10,1994,no
Movie - 1994 - 5,Producer 12,1994,no
Movie - 1994 - 6,Producer 6,1994,no
Movie - 1994 - 7,Producer 3,1994,no
Movie - 1994 - 8,Producer 2,1994,no
Movie - 1994 - 9,Producer 12,1994,no
Movie - 1994 - 10,Producer 10,1994,no
Movie - 1994 - 11,Producer 14,1994,no
Movie - 1994 - 12,Producer 12,1994,no
Movie - 1994 - 13,Producer 9,1994,no
Movie - 1994 - 14,Producer 1,1994,no
Movie - 1994 - 15,Producer 9,1994,no
Movie - 1995 - 1,Producer 10,1995,yes
Movie - 1995 - 2,Producer 14,1995,no
Movie - 1995 - 3,Producer 13,1995,no
Movie - 1995 - 4,Producer 11,1995,no
Movie - 1995 - 5,Producer 6,1995,no
Movie - 1995 - 6,Producer 9,1995,no
Movie - 1995 - 7,Producer 5,1995,no
Movie - 1995 - 8,Producer 2,1995,no
Movie - 1995 - 9,Producer 9,1995,no
Movie - 1995 - 10,Producer 14,1995,no
Movie - 1995 - 11,Producer 4,1995,no
Movie - 1995 - 12,Producer 12,1995,no
Movie - 1995 - 13,Producer 3,1995,no
Movie - 1995 - 14,Producer 10,1995,no
Movie - 1995 - 15,Producer 2,1995,no
Movie - 1996 - 1,Producer 6,1996,no
Movie - 1996 - 2,Producer 5,1996,no
Movie - 1996 - 3,Producer 8,1996,no
Movie - 1996 - 4,Producer 12,1996,no
Movie - 1996 - 5,Producer 8,1996,yes
Movie - 1996 - 6,Producer 13,1996,no
Movie - 1996 - 7,Producer 9,1996,no
Movie - 1996 - 8,Producer 6,1996,no
Movie - 1996 - 9,Producer 6,1996,no
Movie - 1996 - 10,Producer 1,1996,no
Movie - 1996 - 11,Producer 7,1996,no
Movie - 1996 - 12,Producer 7,1996,no
Movie - 1996 - 13,Producer 7,1996,no
Movie - 1996 - 14,Producer 1,1996,no
Movie - 1996 - 15,Producer 2,1996,no
Movie - 1997 - 1,Producer 5,1997,yes
Movie - 1997 - 2,Producer 11,1997,no
Movie - 1997 - 3,Producer 10,1997,no
Movie - 1997 - 4,Producer 12,1997,no
Movie - 1997 - 5,Producer 9,1997,no
Movie - 1997 - 6,Producer 2,1997,no
Movie - 1997 - 7,Producer 8,1997,no
Movie - 1997 - 8,Producer 3,1997,no
Movie - 1997 - 9,Producer 8,1997,no
Movie - 1997 - 10,Producer 6,1997,no
Movie - 1997 - 11,Producer 14,1997,no
Movie - 1997 - 12,Producer 8,1997,no
Movie - 1997 - 13,Producer 14,1997,no
Movie - 1997 - 14,Producer 4,1997,no
Movie - 1997 - 15,Producer 3,1997,no
Movie - 1998 - 1,Producer 9,1998,yes
Movie - 1998 - 2,Producer 1,1998,no
Movie - 1998 - 3,Producer 11,1998,no
Movie - 1998 - 4,Producer 14,1998,no
Movie - 1998 - 5,Producer 12,1998,no
Movie - 1998 - 6,Producer 10,1998,no
Movie - 1998 - 7,Producer 2,1998,no
Movie - 1998 - 8,Producer 7,1998,no
Movie - 1998 - 9,Producer 5,1998,no
Movie - 1998 - 10,Producer 10,1998,no
Movie - 1998 - 11,Producer 2,1998,no
Movie - 1998 - 12,Producer 3,1998,no
Movie - 1998 - 13,Producer 5,1998,no
Movie - 1998 - 14,Producer 9,1998,no
Movie - 1998 - 15,Producer 8,1998,no
Movie - 1999 - 1,Producer 2,1999,yes
Movie - 1999 - 2,Producer 10,1999,no
Movie - 1999 - 3,Producer 7,1999,no
Movie - 1999 - 4,Producer 12,1999,no
Movie - 1999 - 5,Producer 7,1999,no
Movie - 1999 - 6,Producer 8,1999,no
Movie - 1999 - 7,Producer 2,1999,no
Movie - 1999 - 8,Producer 7,1999,no
Movie - 1999 - 9,Producer 14,1999,no
Movie - 1999 - 10,Producer 6,1999,no
Movie - 1999 - 11,Producer 9,1999,no
Movie - 1999 - 12,Producer 13,1999,no
Movie - 1999 - 13,Producer 9,1999,no
Movie - 1999 - 14,Producer 4,1999,no
Movie - 1999 - 15,Producer 8,1999,no
Movie - 2000 - 1,Producer 11,2000,yes
Movie - 2000 - 2,Producer 2,2000,no
Movie - 2000 - 3,Producer 9,2000,no
Movie - 2000 - 4,Producer 1,2000,no
Movie - 2000 - 5,Producer 3,2000,no
Movie - 2000 - 6,Producer 6,2000,no
Movie - 2000 - 7,Producer 5,2000,no
Movie - 2000 - 8,Producer 12,2000,no
Movie - 2000 - 9,Producer 14,2000,no
Movie - 2000 - 10,Producer 7,2000,no
Movie - 2000 - 11,Producer 10,2000,no
Movie - 2000 - 12,Producer 5,2000,no
Movie - 2000 - 13,Producer 2,2000,no
Movie - 2000 - 14,Producer 4,2000,no
Movie - 2000 - 15,Producer 5,2000,no
Movie - 2001 - 1,Producer 6,2001,yes
Movie - 2001 - 2,Producer 8,2001,no
Movie - 2001 - 3,Producer 1,2001,no
Movie - 2001 - 4,Producer 2,2001,no
Movie - 2001 - 5,Producer 4,2001,no
Movie - 2001 - 6,Producer 14,2001,no
Movie - 2001 - 7,Producer 14,2001,no
Movie - 2001 - 8,Producer 2,2001,no
Movie - 2001 - 9,Producer 14,2001,no
Movie - 2001 - 10,Producer 10,2001,no
Movie - 2001 - 11,Producer 1,2001,no
Movie - 2001 - 12,Producer 2,2001,no
Movie - 2001 - 13,Producer 8,2001,no
Movie - 2001 - 14,Producer 2,2001,no
Movie - 2001 - 15,Producer 4,2001,no
Movie - 2002 - 1,Producer 7,2002,yes
Movie - 2002 - 2,Producer 3,2002,no
Movie - 2002 - 3,Producer 11,2002,no
Movie - 2002 - 4,Producer 10,2002,no
Movie - 2002 - 5,Producer 14,2002,no
Movie - 2002 - 6,Producer 2,2002,no
Movie - 2002 - 7,Producer 14,2002,no
Movie - 2002 - 8,Producer 11,2002,no
Movie - 2002 - 9,Producer 13,2002,no
Movie - 2002 - 10,Producer 6,2002,no
Movie - 2002 - 11,Producer 6,2002,no
Movie - 2002 - 12,Producer 9,2002,no
Movie - 2002 - 13,Producer 3,2002,no
Movie - 2002 - 14,Producer 8,2002,no
Movie - 2002 - 15,Producer 3,2002,no
Movie - 2003 - 1,Producer 9,2003,yes
Movie - 2003 - 2,Producer 6,2003,no
Movie - 2003 - 3,Producer 1,2003,no
Movie - 2003 - 4,Producer 5,2003,no
Movie - 2003 - 5,Producer 11,2003,no
Movie - 2003 - 6,Producer 14,2003,no
Movie - 2003 - 7,Producer 12,2003,no
Movie - 2003 - 8,Producer 5,2003,no
Movie - 2003 - 9,Producer 8,2003,no
Movie - 2003 - 10,Producer 14,2003,no
Movie - 2003 - 11,Producer 5,2003,no
Movie - 2003 - 12,Producer 6,2003,no
Movie - 2003 - 13,Producer 4,2003,no
Movie - 2003 - 14,Producer 4,2003,no
Movie - 2003 - 15,Producer 11,2003,no
Movie - 2004 - 1,Producer 9,2004,no
Movie - 2004 - 2,Producer 8,2004,no
Movie - 2004 - 3,Producer 3,2004,yes
Movie - 2004 - 4,Producer 5,2004,no
Movie - 2004 - 5,Producer 4,2004,no
Movie - 2004 - 6,Producer 12,2004,no
Movie - 2004 - 7,Producer 8,2004,no
Movie - 2004 - 8,Producer 1,2004,no
Movie - 2004 - 9,Producer 1,2004,no
Movie - 2004 - 10,Producer 10,2004,no
Movie - 2004 - 11,Producer 11,2004,no
Movie - 2004 - 12,Producer 9,2004,no
Movie - 2004 - 13,Producer 10,2004,no
Movie - 2004 - 14,Producer 9,2004,no
Movie - 2004 - 15,Producer 13,2004,no
Movie - 2005 - 1,Producer 5,2005,yes
Movie - 2005 - 2,Producer 4,2005,no
Movie - 2005 - 3,Producer 12,2005,no
Movie - 2005 - 4,Producer 5,2005,no
Movie - 2005 - 5,Producer 14,2005,no
Movie - 2005 - 6,Producer 9,2005,no
Movie - 2005 - 7,Producer 3,2005,no
Movie - 2005 - 8,Producer 6,2005,no
Movie - 2005 - 9,Producer 7,2005,no
Movie - 2005 - 10,Producer 12,2005,no
Movie - 2005 - 11,Producer 1,2005,no
Movie - 2005 - 12,Producer 3,2005,no
Movie - 2005 - 13,Producer 1,2005,no
Movie - 2005 - 14,Producer 3,2005,no
Movie - 2005 - 15,Producer 6,2005,no
Movie - 2006 - 1,Producer 9,2006,yes
Movie - 2006 - 2,Producer 9,2006,no
Movie - 2006 - 3,Producer 9,2006,no
Movie - 2006 - 4,Producer 7,2006,no
Movie - 2006 - 5,Producer 10,2006,no
Movie - 2006 - 6,Producer 5,2006,no
Movie - 2006 - 7,Producer 14,2006,no
Movie - 2006 - 8,Producer 5,2006,no
Movie - 2006 - 9,Producer 6,2006,no
Movie - 2006 - 10,Producer 6,2006,no
Movie - 2006 - 11,Producer 7,2006,no
Movie - 2006 - 12,Producer 12,2006,no
Movie - 2006 - 13,Producer 14,2006,no
Movie - 2006 - 14,Producer 13,2006,no
Movie - 2006 - 15,Producer 13,2006,no
Movie - 2007 - 1,Producer 11,2007,yes
Movie - 2007 - 2,Producer 1,2007,no
Movie - 2007 - 3,Producer 14,2007,no
Movie - 2007 - 4,Producer 1,2007,no
Movie - 2007 - 5,Producer 3,2007,no
Movie - 2007 - 6,Producer 14,2007,no
Movie - 2007 - 7,Producer 2,2007,no
Movie - 2007 - 8,Producer 12,2007,no
Movie - 2007 - 9,Producer 10,2007,no
Movie - 2007 - 10,Producer 8,2007,no
Movie - 2007 - 11,Producer 2,2007,no
Movie - 2007 - 12,Producer 11,2007,no
Movie - 2007 - 13,Producer 3,2007,no
Movie - 2007 - 14,Producer 7,2007,no
Movie - 2007 - 15,Producer 10,2007,no
Movie - 2008 - 1,Producer 3,2008,yes
Movie - 2008 - 2,Producer 8,2008,no
Movie - 2008 - 3,Producer 8,2008,no
Movie - 2008 - 4,Producer 9,2008,no
Movie - 2008 - 5,Producer 1,2008,no
Movie - 2008 - 6,Producer 10,2008,no
Movie - 2008 - 7,Producer 12,2008,no
Movie - 2008 - 8,Producer 14,2008,no
Movie - 2008 - 9,Producer 5,2008,no
Movie - 2008 - 10,Producer 3,2008,no
Movie - 2008 - 11,Producer 11,2008,no
Movie - 2008 - 12,Producer 3,2008,no
Movie - 2008 - 13,Producer 7,2008,no
Movie - 2008 - 14,Producer 10,2008,no
Movie - 2008 - 15,Producer 4,2008,no
Movie - 2009 - 1,Producer 3,2009,no
Movie - 2009 - 2,Producer 6,2009,no
Movie - 2009 - 3,Producer 14,2009,no
Movie - 2009 - 4,Producer 11,2009,yes
Movie - 2009 - 5,Producer 1,2009,no
Movie - 2009 - 6,Producer 12,2009,no
Movie - 2009 - 7,Producer 13,2009,no
Movie - 2009 - 8,Producer 11,2009,no
Movie - 2009 - 9,Producer 1,2009,no
Movie - 2009 - 10,Producer 9,2009,no
Movie - 2009 - 11,Producer 1,2009,no
Movie - 2009 - 12,Producer 10,2009,no
Movie - 2009 - 13,Producer 9,2009,no
Movie - 2009 - 14,Producer 7,2009,no
Movie - 2009 - 15,Producer 3,2009,no
Movie - 2010 - 1,Producer 11,2010,no
Movie - 2010 - 2,Producer 14,2010,no
Movie - 2010 - 3,Producer 10,2010,no
Movie - 2010 - 4,Producer 4,2010,yes
Movie - 2010 - 5,Producer 12,2010,no
Movie - 2010 - 6,Producer 12,2010,no
Movie - 2010 - 7,Producer 13,2010,no
Movie - 2010 - 8,Producer 13,2010,no
Movie - 2010 - 9,Producer 9,2010,no
Movie - 2010 - 10,Producer 8,2010,no
Movie - 2010 - 11,Producer 3,2010,no
Movie - 2010 - 12,Producer 5,2010,no
Movie - 2010 - 13,Producer 3,2010,no
Movie - 2010 - 14,Producer 13,2010,no
Movie - 2010 - 15,Producer 3,2010,no
Movie - 2011 - 1,Producer 5,2011,yes
Movie - 2011 - 2,Producer 9,2011,no
Movie - 2011 - 3,Producer 11,2011,no
Movie - 2011 - 4,Producer 3,2011,no
Movie - 2011 - 5,Producer 6,2011,no
Movie - 2011 - 6,Producer 3,2011,no
Movie - 2011 - 7,Producer 5,2011,no
Movie - 2011 - 8,Producer 8,2011,no
Movie - 2011 - 9,Producer 10,2011,no
Movie - 2011 - 10,Producer 4,2011,no
Movie - 2011 - 11,Producer 9,2011,no
Movie - 2011 - 12,Producer 7,2011,no
Movie - 2011 - 13,Producer 6,2011,no
Movie - 2011 - 14,Producer 14,2011,no
Movie - 2011 - 15,Producer 9,2011,no
Movie - 2012 - 1,Producer 13,2012,no
Movie - 2012 - 2,Producer 1,2012,no
Movie - 2012 - 3,Producer 9,2012,no
Movie - 2012 - 4,Producer 8,2012,yes
Movie - 2012 - 5,Producer 3,2012,no
Movie - 2012 - 6,Producer 5,2012,no
Movie - 2012 - 7,Producer 14,2012,no
Movie - 2012 - 8,Producer 13,2012,no
Movie - 2012 - 9,Producer 7,2012,no
Movie - 2012 - 10,Producer 4,2012,no
Movie - 2012 - 11,Producer 11,2012,no
Movie - 2012 - 12,Producer 6,2012,no
Movie - 2012 - 13,Producer 13,2012,no
Movie - 2012 - 14,Producer 8,2012,no
Movie - 2012 - 15,Producer 11,2012,no
Movie - 2013 - 1,Producer 4,2013,no
Movie - 2013 - 2,Producer 4,2013,yes
Movie - 2013 - 3,Producer 10,2013,no
Movie - 2013 - 4,Producer 12,2013,no
Movie - 2013 - 5,Producer 3,2013,no
Movie - 2013 - 6,Producer 3,2013,no
Movie - 2013 - 7,Producer 13,2013,no
Movie - 2013 - 8,Producer 14,2013,no
Movie - 2013 - 9,Producer 7,2013,no
Movie - 2013 - 10,Producer 3,2013,no
Movie - 2013 - 11,Producer 13,2013,no
Movie - 2013 - 12,Producer 12,2013,no
Movie - 2013 - 13,Producer 3,2013,no
Movie - 2013 - 14,Producer 8,2013,no
Movie - 2013 - 15,Producer 8,2013,no
Movie - 2014 - 1,Producer 3,2014,yes
Movie - 2014 - 2,Producer 11,2014,no
Movie - 2014 - 3,Producer 4,2014,no
Movie - 2014 - 4,Producer 2,2014,no
Movie - 2014 - 5,Producer 5,2014,no
Movie - 2014 - 6,Producer 14,2014,no
Movie - 2014 - 7,Producer 3,2014,no
Movie - 2014 - 8,Producer 8,2014,no
Movie - 2014 - 9,Producer 11,2014,no
Movie - 2014 - 10,Producer 5,2014,no
Movie - 2014 - 11,Producer 2,2014,no
Movie - 2014 - 12,Producer 3,2014,no
Movie - 2014 - 13,Producer 9,2014,no
Movie - 2014 - 14,Producer 4,2014,no
Movie - 2014 - 15,Producer 6,2014,no
Movie - 2015 - 1,Producer 7,2015,yes
Movie - 2015 - 2,Producer 2,2015,no
Movie - 2015 - 3,Producer 10,2015,no
Movie - 2015 - 4,Producer 12,2015,no
Movie - 2015 - 5,Producer 6,2015,no
Movie - 2015 - 6,Producer 13,2015,no
Movie - 2015 - 7,Producer 9,2015,no
Movie - 2015 - 8,Producer 10,2015,no
Movie - 2015 - 9,Producer 12,2015,no
Movie - 2015 - 10,Producer 13,2015,no
Movie - 2015 - 11,Producer 10,2015,no
Movie - 2015 - 12,Producer 13,2015,no
Movie - 2015 - 13,Producer 7,2015,no
Movie - 2015 - 14,Producer 13,2015,no
Movie - 2015 - 15,Producer 4,2015,no
Movie - 2016 - 1,Producer 4,2016,yes
Movie - 2016 - 2,Producer 9,2016,no
Movie - 2016 - 3,Producer 4,2016,no
Movie - 2016 - 4,Producer 2,2016,no
Movie - 2016 - 5,Producer 7,2016,no
Movie - 2016 - 6,Producer 9,2016,no
Movie - 2016 - 7,Producer 11,2016,no
Movie - 2016 - 8,Producer 3,2016,no
Movie - 2016 - 9,Producer 13,2016,no
Movie - 2016 - 10,Producer 2,2016,no
Movie - 2016 - 11,Producer 3,2016,no
Movie - 2016 - 12,Producer 1,2016,no
Movie - 2016 - 13,Producer 3,2016,no
Movie - 2016 - 14,Producer 12,2016,no
Movie - 2016 - 15,Producer 14,2016,no
Movie - 2017 - 1,Producer 3,2017,yes
Movie - 2017 - 2,Producer 3,2017,no
Movie - 2017 - 3,Producer 11,2017,no
Movie - 2017 - 4,Producer 10,2017,no
Movie - 2017 - 5,Producer 12,2017,no
Movie - 2017 - 6,Producer 3,2017,no
Movie - 2017 - 7,Producer 10,2017,no
Movie - 2017 - 8,Producer 5,2017,no
Movie - 2017 - 9,Producer 3,2017,no
Movie - 2017 - 10,Producer 9,2017,no
Movie - 2017 - 11,Producer 2,2017,no
Movie - 2017 - 12,Producer 6,2017,no
Movie - 2017 - 13,Producer 12,2017,no
Movie - 2017 - 14,Producer 14,2017,no
Movie - 2017 - 15,Producer 9,2017,no
Movie - 2018 - 1,Producer 13,2018,no
Movie - 2018 - 2,Producer 9,2018,no
Movie - 2018 - 3,Producer 3,2018,yes
Movie - 2018 - 4,Producer 8,2018,no
Movie - 2018 - 5,Producer 7,2018,no
Movie - 2018 - 6,Producer 5,2018,no
Movie - 2018 - 7,Producer 14,2018,no
Movie - 2018 - 8,Producer 3,2018,no
Movie - 2018 - 9,Producer 14,2018,no
Movie - 2018 - 10,Producer 3,2018,no
Movie - 2018 - 11,Producer 7,2018,no
Movie - 2018 - 12,Producer 9,2018,no
Movie - 2018 - 13,Producer 8,2018,no
Movie - 2018 - 14,Producer 5,2018,no
Movie - 2018 - 15,Producer 9,2018,no
Movie - 2019 - 1,Producer 8,2019,no
Movie - 2019 - 2,Producer 2,2019,yes
Movie - 2019 - 3,Producer 5,2019,no
Movie - 2019 - 4,Producer 7,2019,no
Movie - 2019 - 5,Producer 13,2019,no
Movie - 2019 - 6,Producer 2,2019,no
Movie - 2019 - 7,Producer 13,2019,no
Movie - 2019 - 8,Producer 14,2019,no
Movie - 2019 - 9,Producer 9,2019,no
Movie - 2019 - 10,Producer 14,2019,no
Movie - 2019 - 11,Producer 9,2019,no
Movie - 2019 - 12,Producer 1,2019,no
Movie - 2019 - 13,Producer 1,2019,no
Movie - 2019 - 14,Producer 7,2019,no
Movie - 2019 - 15,Producer 5,2019,no
Movie - 2020 - 1,Producer 3,2020,no
Movie - 2020 - 2,Producer 13,2020,yes
Movie - 2020 - 3,Producer 11,2020,no
Movie - 2020 - 4,Producer 12,2020,no
Movie - 2020 - 5,Producer 1,2020,no
Movie - 2020 - 6,Producer 9,2020,no
Movie - 2020 - 7,Producer 6,2020,no
Movie - 2020 - 8,Producer 9,2020,no
Movie - 2020 - 9,Producer 4,2020,no
Movie - 2020 - 10,Producer 6,2020,no
Movie - 2020 - 11,Producer 11,2020,no
Movie - 2020 - 12,Producer 4,2020,no
Movie - 2020 - 13,Producer 12,2020,no
Movie - 2020 - 14,Producer 11,2020,no
Movie - 2020 - 15,Producer 12,2020,no
Movie - 2021 - 1,Producer 3,2021,yes
Movie - 2021 - 2,Producer 9,2021,no
Movie - 2021 - 3,Producer 2,2021,no
Movie - 2021 - 4,Producer 11,2021,no
Movie - 2021 - 5,Producer 12,2021,no
Movie - 2021 - 6,Producer 9,2021,no
Movie - 2021 - 7,Producer 13,2021,no
Movie - 2021 - 8,Producer 8,2021,no
Movie - 2021 - 9,Producer 9,2021,no
Movie - 2021 - 10,Producer 1,2021,no
Movie - 2021 - 11,Producer 10,2021,no
Movie - 2021 - 12,Producer 13,2021,no
Movie - 2021 - 13,Producer 13,2021,no
Movie - 2021 - 14,Producer 4,2021,no
Movie - 2021 - 15,Producer 11,2021,no
Movie - 2022 - 1,Producer 2,2022,no
Movie - 2022 - 2,Producer 13,2022,yes
Movie - 2022 - 3,Producer 6,2022,no
Movie - 2022 - 4,Producer 4,2022,no
Movie - 2022 - 5,Producer 8,2022,no
Movie - 2022 - 6,Producer 3,2022,no
Movie - 2022 - 7,Producer 5,2022,no
Movie - 2022 - 8,Producer 5,2022,no
Movie - 2022 - 9,Producer 8,2022,no
Movie - 2022 - 10,Producer 2,2022,no
Movie - 2022 - 11,Producer 1,2022,no
Movie - 2022 - 12,Producer 3,2022,no
Movie - 2022 - 13,Producer 7,2022,no
Movie - 2022 - 14,Producer 9,2022,no
Movie - 2022 - 15,Producer 3,2022,no
